stop_id,lat,lng,name
101,40.889248,-73.898583,Van Cortlandt Park-242 St
101N,40.889248,-73.898583,Van Cortlandt Park-242 St
101S,40.889248,-73.898583,Van Cortlandt Park-242 St
103,40.884667,-73.90087,238 St
103N,40.884667,-73.90087,238 St
103S,40.884667,-73.90087,238 St
104,40.878856,-73.904834,231 St
104N,40.878856,-73.904834,231 St
104S,40.878856,-73.904834,231 St
106,40.874561,-73.909831,Marble Hill-225 St
106N,40.874561,-73.909831,Marble Hill-225 St
106S,40.874561,-73.909831,Marble Hill-225 St
107,40.869444,-73.915279,215 St
107N,40.869444,-73.915279,215 St
107S,40.869444,-73.915279,215 St
108,40.864621,-73.918822,207 St
108N,40.864621,-73.918822,207 St
108S,40.864621,-73.918822,207 St
109,40.860531,-73.925536,Dyckman St
109N,40.860531,-73.925536,Dyckman St
109S,40.860531,-73.925536,Dyckman St
110,40.855225,-73.929412,191 St
110N,40.855225,-73.929412,191 St
110S,40.855225,-73.929412,191 St
111,40.849505,-73.933596,181 St
111N,40.849505,-73.933596,181 St
111S,40.849505,-73.933596,181 St
112,40.840556,-73.940133,168 St-Washington Hts
112N,40.840556,-73.940133,168 St-Washington Hts
112S,40.840556,-73.940133,168 St-Washington Hts
113,40.834041,-73.94489,157 St
113N,40.834041,-73.94489,157 St
113S,40.834041,-73.94489,157 St
114,40.826551,-73.95036,145 St
114N,40.826551,-73.95036,145 St
114S,40.826551,-73.95036,145 St
115,40.822008,-73.953676,137 St-City College
115N,40.822008,-73.953676,137 St-City College
115S,40.822008,-73.953676,137 St-City College
116,40.815581,-73.958372,125 St
116N,40.815581,-73.958372,125 St
116S,40.815581,-73.958372,125 St
117,40.807722,-73.96411,116 St-Columbia University
117N,40.807722,-73.96411,116 St-Columbia University
117S,40.807722,-73.96411,116 St-Columbia University
118,40.803967,-73.966847,Cathedral Pkwy (110 St)
118N,40.803967,-73.966847,Cathedral Pkwy (110 St)
118S,40.803967,-73.966847,Cathedral Pkwy (110 St)
119,40.799446,-73.968379,103 St
119N,40.799446,-73.968379,103 St
119S,40.799446,-73.968379,103 St
120,40.793919,-73.972323,96 St
120N,40.793919,-73.972323,96 St
120S,40.793919,-73.972323,96 St
121,40.788644,-73.976218,86 St
121N,40.788644,-73.976218,86 St
121S,40.788644,-73.976218,86 St
122,40.783934,-73.979917,79 St
122N,40.783934,-73.979917,79 St
122S,40.783934,-73.979917,79 St
123,40.778453,-73.98197,72 St
123N,40.778453,-73.98197,72 St
123S,40.778453,-73.98197,72 St
124,40.77344,-73.982209,66 St-Lincoln Center
124N,40.77344,-73.982209,66 St-Lincoln Center
124S,40.77344,-73.982209,66 St-Lincoln Center
125,40.768247,-73.981929,59 St-Columbus Circle
125N,40.768247,-73.981929,59 St-Columbus Circle
125S,40.768247,-73.981929,59 St-Columbus Circle
126,40.761728,-73.983849,50 St
126N,40.761728,-73.983849,50 St
126S,40.761728,-73.983849,50 St
127,40.75529,-73.987495,Times Sq-42 St
127N,40.75529,-73.987495,Times Sq-42 St
127S,40.75529,-73.987495,Times Sq-42 St
128,40.750373,-73.991057,34 St-Penn Station
128N,40.750373,-73.991057,34 St-Penn Station
128S,40.750373,-73.991057,34 St-Penn Station
129,40.747215,-73.993365,28 St
129N,40.747215,-73.993365,28 St
129S,40.747215,-73.993365,28 St
130,40.744081,-73.995657,23 St
130N,40.744081,-73.995657,23 St
130S,40.744081,-73.995657,23 St
131,40.74104,-73.997871,18 St
131N,40.74104,-73.997871,18 St
131S,40.74104,-73.997871,18 St
132,40.737826,-74.000201,14 St
132N,40.737826,-74.000201,14 St
132S,40.737826,-74.000201,14 St
133,40.733422,-74.002906,Christopher St-Stonewall
133N,40.733422,-74.002906,Christopher St-Stonewall
133S,40.733422,-74.002906,Christopher St-Stonewall
134,40.728251,-74.005367,Houston St
134N,40.728251,-74.005367,Houston St
134S,40.728251,-74.005367,Houston St
135,40.722854,-74.006277,Canal St
135N,40.722854,-74.006277,Canal St
135S,40.722854,-74.006277,Canal St
136,40.719318,-74.006886,Franklin St
136N,40.719318,-74.006886,Franklin St
136S,40.719318,-74.006886,Franklin St
137,40.715478,-74.009266,Chambers St
137N,40.715478,-74.009266,Chambers St
137S,40.715478,-74.009266,Chambers St
138,40.711835,-74.012188,WTC Cortlandt
138N,40.711835,-74.012188,WTC Cortlandt
138S,40.711835,-74.012188,WTC Cortlandt
139,40.707513,-74.013783,Rector St
139N,40.707513,-74.013783,Rector St
139S,40.707513,-74.013783,Rector St
142,40.702068,-74.013664,South Ferry
142N,40.702068,-74.013664,South Ferry
142S,40.702068,-74.013664,South Ferry
201,40.903125,-73.85062,Wakefield-241 St
201N,40.903125,-73.85062,Wakefield-241 St
201S,40.903125,-73.85062,Wakefield-241 St
204,40.898379,-73.854376,Nereid Av
204N,40.898379,-73.854376,Nereid Av
204S,40.898379,-73.854376,Nereid Av
205,40.893193,-73.857473,233 St
205N,40.893193,-73.857473,233 St
205S,40.893193,-73.857473,233 St
206,40.888022,-73.860341,225 St
206N,40.888022,-73.860341,225 St
206S,40.888022,-73.860341,225 St
207,40.883895,-73.862633,219 St
207N,40.883895,-73.862633,219 St
207S,40.883895,-73.862633,219 St
208,40.87785,-73.866256,Gun Hill Rd
208N,40.87785,-73.866256,Gun Hill Rd
208S,40.87785,-73.866256,Gun Hill Rd
209,40.871356,-73.867164,Burke Av
209N,40.871356,-73.867164,Burke Av
209S,40.871356,-73.867164,Burke Av
210,40.865462,-73.867352,Allerton Av
210N,40.865462,-73.867352,Allerton Av
210S,40.865462,-73.867352,Allerton Av
211,40.857192,-73.867615,Pelham Pkwy
211N,40.857192,-73.867615,Pelham Pkwy
211S,40.857192,-73.867615,Pelham Pkwy
212,40.848828,-73.868457,Bronx Park East
212N,40.848828,-73.868457,Bronx Park East
212S,40.848828,-73.868457,Bronx Park East
213,40.841894,-73.873488,E 180 St
213N,40.841894,-73.873488,E 180 St
213S,40.841894,-73.873488,E 180 St
214,40.840295,-73.880049,West Farms Sq-E Tremont Av
214N,40.840295,-73.880049,West Farms Sq-E Tremont Av
214S,40.840295,-73.880049,West Farms Sq-E Tremont Av
215,40.837288,-73.887734,174 St
215N,40.837288,-73.887734,174 St
215S,40.837288,-73.887734,174 St
216,40.829993,-73.891865,Freeman St
216N,40.829993,-73.891865,Freeman St
216S,40.829993,-73.891865,Freeman St
217,40.824073,-73.893064,Simpson St
217N,40.824073,-73.893064,Simpson St
217S,40.824073,-73.893064,Simpson St
218,40.822181,-73.896736,Intervale Av
218N,40.822181,-73.896736,Intervale Av
218S,40.822181,-73.896736,Intervale Av
219,40.819585,-73.90177,Prospect Av
219N,40.819585,-73.90177,Prospect Av
219S,40.819585,-73.90177,Prospect Av
220,40.81649,-73.907807,Jackson Av
220N,40.81649,-73.907807,Jackson Av
220S,40.81649,-73.907807,Jackson Av
221,40.816109,-73.917757,3 Av-149 St
221N,40.816109,-73.917757,3 Av-149 St
221S,40.816109,-73.917757,3 Av-149 St
222,40.81841,-73.926718,149 St-Grand Concourse
222N,40.81841,-73.926718,149 St-Grand Concourse
222S,40.81841,-73.926718,149 St-Grand Concourse
224,40.814229,-73.94077,135 St
224N,40.814229,-73.94077,135 St
224S,40.814229,-73.94077,135 St
225,40.807754,-73.945495,125 St
225N,40.807754,-73.945495,125 St
225S,40.807754,-73.945495,125 St
226,40.802098,-73.949625,116 St
226N,40.802098,-73.949625,116 St
226S,40.802098,-73.949625,116 St
227,40.799075,-73.951822,110 St-Malcolm X Plaza
227N,40.799075,-73.951822,110 St-Malcolm X Plaza
227S,40.799075,-73.951822,110 St-Malcolm X Plaza
228,40.713051,-74.008811,Park Place
228N,40.713051,-74.008811,Park Place
228S,40.713051,-74.008811,Park Place
229,40.709416,-74.006571,Fulton St
229N,40.709416,-74.006571,Fulton St
229S,40.709416,-74.006571,Fulton St
230,40.706821,-74.0091,Wall St
230N,40.706821,-74.0091,Wall St
230S,40.706821,-74.0091,Wall St
231,40.697466,-73.993086,Clark St
231N,40.697466,-73.993086,Clark St
231S,40.697466,-73.993086,Clark St
232,40.693219,-73.989998,Borough Hall
232N,40.693219,-73.989998,Borough Hall
232S,40.693219,-73.989998,Borough Hall
233,40.690545,-73.985065,Hoyt St
233N,40.690545,-73.985065,Hoyt St
233S,40.690545,-73.985065,Hoyt St
234,40.688246,-73.980492,Nevins St
234N,40.688246,-73.980492,Nevins St
234S,40.688246,-73.980492,Nevins St
235,40.684359,-73.977666,Atlantic Av-Barclays Ctr
235N,40.684359,-73.977666,Atlantic Av-Barclays Ctr
235S,40.684359,-73.977666,Atlantic Av-Barclays Ctr
236,40.680829,-73.975098,Bergen St
236N,40.680829,-73.975098,Bergen St
236S,40.680829,-73.975098,Bergen St
237,40.675235,-73.971046,Grand Army Plaza
237N,40.675235,-73.971046,Grand Army Plaza
237S,40.675235,-73.971046,Grand Army Plaza
238,40.671987,-73.964375,Eastern Pkwy-Brooklyn Museum
238N,40.671987,-73.964375,Eastern Pkwy-Brooklyn Museum
238S,40.671987,-73.964375,Eastern Pkwy-Brooklyn Museum
239,40.670682,-73.958131,Franklin Av-Medgar Evers College
239N,40.670682,-73.958131,Franklin Av-Medgar Evers College
239S,40.670682,-73.958131,Franklin Av-Medgar Evers College
241,40.667883,-73.950683,President St-Medgar Evers College
241N,40.667883,-73.950683,President St-Medgar Evers College
241S,40.667883,-73.950683,President St-Medgar Evers College
242,40.662742,-73.95085,Sterling St
242N,40.662742,-73.95085,Sterling St
242S,40.662742,-73.95085,Sterling St
243,40.656652,-73.9502,Winthrop St
243N,40.656652,-73.9502,Winthrop St
243S,40.656652,-73.9502,Winthrop St
244,40.650843,-73.949575,Church Av
244N,40.650843,-73.949575,Church Av
244S,40.650843,-73.949575,Church Av
245,40.645098,-73.948959,Beverly Rd
245N,40.645098,-73.948959,Beverly Rd
245S,40.645098,-73.948959,Beverly Rd
246,40.639967,-73.948411,Newkirk Av-Little Haiti
246N,40.639967,-73.948411,Newkirk Av-Little Haiti
246S,40.639967,-73.948411,Newkirk Av-Little Haiti
247,40.632836,-73.947642,Flatbush Av-Brooklyn College
247N,40.632836,-73.947642,Flatbush Av-Brooklyn College
247S,40.632836,-73.947642,Flatbush Av-Brooklyn College
248,40.669847,-73.950466,Nostrand Av
248N,40.669847,-73.950466,Nostrand Av
248S,40.669847,-73.950466,Nostrand Av
249,40.669399,-73.942161,Kingston Av
249N,40.669399,-73.942161,Kingston Av
249S,40.669399,-73.942161,Kingston Av
250,40.668897,-73.932942,Crown Hts-Utica Av
250N,40.668897,-73.932942,Crown Hts-Utica Av
250S,40.668897,-73.932942,Crown Hts-Utica Av
251,40.664717,-73.92261,Sutter Av-Rutland Rd
251N,40.664717,-73.92261,Sutter Av-Rutland Rd
251S,40.664717,-73.92261,Sutter Av-Rutland Rd
252,40.661453,-73.916327,Saratoga Av
252N,40.661453,-73.916327,Saratoga Av
252S,40.661453,-73.916327,Saratoga Av
253,40.662549,-73.908946,Rockaway Av
253N,40.662549,-73.908946,Rockaway Av
253S,40.662549,-73.908946,Rockaway Av
254,40.663515,-73.902447,Junius St
254N,40.663515,-73.902447,Junius St
254S,40.663515,-73.902447,Junius St
255,40.664635,-73.894895,Pennsylvania Av
255N,40.664635,-73.894895,Pennsylvania Av
255S,40.664635,-73.894895,Pennsylvania Av
256,40.665449,-73.889395,Van Siclen Av
256N,40.665449,-73.889395,Van Siclen Av
256S,40.665449,-73.889395,Van Siclen Av
257,40.666235,-73.884079,New Lots Av
257N,40.666235,-73.884079,New Lots Av
257S,40.666235,-73.884079,New Lots Av
301,40.82388,-73.93647,Harlem-148 St
301N,40.82388,-73.93647,Harlem-148 St
301S,40.82388,-73.93647,Harlem-148 St
302,40.820421,-73.936245,145 St
302N,40.820421,-73.936245,145 St
302S,40.820421,-73.936245,145 St
401,40.886037,-73.878751,Woodlawn
401N,40.886037,-73.878751,Woodlawn
401S,40.886037,-73.878751,Woodlawn
402,40.87975,-73.884655,Mosholu Pkwy
402N,40.87975,-73.884655,Mosholu Pkwy
402S,40.87975,-73.884655,Mosholu Pkwy
405,40.873412,-73.890064,Bedford Park Blvd-Lehman College
405N,40.873412,-73.890064,Bedford Park Blvd-Lehman College
405S,40.873412,-73.890064,Bedford Park Blvd-Lehman College
406,40.86776,-73.897174,Kingsbridge Rd
406N,40.86776,-73.897174,Kingsbridge Rd
406S,40.86776,-73.897174,Kingsbridge Rd
407,40.862803,-73.901034,Fordham Rd
407N,40.862803,-73.901034,Fordham Rd
407S,40.862803,-73.901034,Fordham Rd
408,40.858407,-73.903879,183 St
408N,40.858407,-73.903879,183 St
408S,40.858407,-73.903879,183 St
409,40.853453,-73.907684,Burnside Av
409N,40.853453,-73.907684,Burnside Av
409S,40.853453,-73.907684,Burnside Av
410,40.84848,-73.911794,176 St
410N,40.84848,-73.911794,176 St
410S,40.84848,-73.911794,176 St
411,40.844434,-73.914685,Mt Eden Av
411N,40.844434,-73.914685,Mt Eden Av
411S,40.844434,-73.914685,Mt Eden Av
412,40.840075,-73.917791,170 St
412N,40.840075,-73.917791,170 St
412S,40.840075,-73.917791,170 St
413,40.835537,-73.9214,167 St
413N,40.835537,-73.9214,167 St
413S,40.835537,-73.9214,167 St
414,40.827994,-73.925831,161 St-Yankee Stadium
414N,40.827994,-73.925831,161 St-Yankee Stadium
414S,40.827994,-73.925831,161 St-Yankee Stadium
415,40.818375,-73.927351,149 St-Grand Concourse
415N,40.818375,-73.927351,149 St-Grand Concourse
415S,40.818375,-73.927351,149 St-Grand Concourse
416,40.813224,-73.929849,138 St-Grand Concourse
416N,40.813224,-73.929849,138 St-Grand Concourse
416S,40.813224,-73.929849,138 St-Grand Concourse
418,40.710368,-74.009509,Fulton St
418N,40.710368,-74.009509,Fulton St
418S,40.710368,-74.009509,Fulton St
419,40.707557,-74.011862,Wall St
419N,40.707557,-74.011862,Wall St
419S,40.707557,-74.011862,Wall St
420,40.704817,-74.014065,Bowling Green
420N,40.704817,-74.014065,Bowling Green
420S,40.704817,-74.014065,Bowling Green
423,40.692404,-73.990151,Borough Hall
423N,40.692404,-73.990151,Borough Hall
423S,40.692404,-73.990151,Borough Hall
501,40.8883,-73.830834,Eastchester-Dyre Av
501N,40.8883,-73.830834,Eastchester-Dyre Av
501S,40.8883,-73.830834,Eastchester-Dyre Av
502,40.878663,-73.838591,Baychester Av
502N,40.878663,-73.838591,Baychester Av
502S,40.878663,-73.838591,Baychester Av
503,40.869526,-73.846384,Gun Hill Rd
503N,40.869526,-73.846384,Gun Hill Rd
503S,40.869526,-73.846384,Gun Hill Rd
504,40.858985,-73.855359,Pelham Pkwy
504N,40.858985,-73.855359,Pelham Pkwy
504S,40.858985,-73.855359,Pelham Pkwy
505,40.854364,-73.860495,Morris Park
505N,40.854364,-73.860495,Morris Park
505S,40.854364,-73.860495,Morris Park
601,40.852462,-73.828121,Pelham Bay Park
601N,40.852462,-73.828121,Pelham Bay Park
601S,40.852462,-73.828121,Pelham Bay Park
602,40.84681,-73.832569,Buhre Av
602N,40.84681,-73.832569,Buhre Av
602S,40.84681,-73.832569,Buhre Av
603,40.843863,-73.836322,Middletown Rd
603N,40.843863,-73.836322,Middletown Rd
603S,40.843863,-73.836322,Middletown Rd
604,40.839892,-73.842952,Westchester Sq-E Tremont Av
604N,40.839892,-73.842952,Westchester Sq-E Tremont Av
604S,40.839892,-73.842952,Westchester Sq-E Tremont Av
606,40.836488,-73.847036,Zerega Av
606N,40.836488,-73.847036,Zerega Av
606S,40.836488,-73.847036,Zerega Av
607,40.834255,-73.851222,Castle Hill Av
607N,40.834255,-73.851222,Castle Hill Av
607S,40.834255,-73.851222,Castle Hill Av
608,40.833226,-73.860816,Parkchester
608N,40.833226,-73.860816,Parkchester
608S,40.833226,-73.860816,Parkchester
609,40.831509,-73.867618,St Lawrence Av
609N,40.831509,-73.867618,St Lawrence Av
609S,40.831509,-73.867618,St Lawrence Av
610,40.829521,-73.874516,Morrison Av-Soundview
610N,40.829521,-73.874516,Morrison Av-Soundview
610S,40.829521,-73.874516,Morrison Av-Soundview
611,40.828584,-73.879159,Elder Av
611N,40.828584,-73.879159,Elder Av
611S,40.828584,-73.879159,Elder Av
612,40.826525,-73.886283,Whitlock Av
612N,40.826525,-73.886283,Whitlock Av
612S,40.826525,-73.886283,Whitlock Av
613,40.820948,-73.890549,Hunts Point Av
613N,40.820948,-73.890549,Hunts Point Av
613S,40.820948,-73.890549,Hunts Point Av
614,40.816104,-73.896435,Longwood Av
614N,40.816104,-73.896435,Longwood Av
614S,40.816104,-73.896435,Longwood Av
615,40.812118,-73.904098,E 149 St
615N,40.812118,-73.904098,E 149 St
615S,40.812118,-73.904098,E 149 St
616,40.808719,-73.907657,E 143 St-St Mary's St
616N,40.808719,-73.907657,E 143 St-St Mary's St
616S,40.808719,-73.907657,E 143 St-St Mary's St
617,40.805368,-73.914042,Cypress Av
617N,40.805368,-73.914042,Cypress Av
617S,40.805368,-73.914042,Cypress Av
618,40.807566,-73.91924,Brook Av
618N,40.807566,-73.91924,Brook Av
618S,40.807566,-73.91924,Brook Av
619,40.810476,-73.926138,3 Av-138 St
619N,40.810476,-73.926138,3 Av-138 St
619S,40.810476,-73.926138,3 Av-138 St
621,40.804138,-73.937594,125 St
621N,40.804138,-73.937594,125 St
621S,40.804138,-73.937594,125 St
622,40.798629,-73.941617,116 St
622N,40.798629,-73.941617,116 St
622S,40.798629,-73.941617,116 St
623,40.79502,-73.94425,110 St
623N,40.79502,-73.94425,110 St
623S,40.79502,-73.94425,110 St
624,40.7906,-73.947478,103 St
624N,40.7906,-73.947478,103 St
624S,40.7906,-73.947478,103 St
625,40.785672,-73.95107,96 St
625N,40.785672,-73.95107,96 St
625S,40.785672,-73.95107,96 St
626,40.779492,-73.955589,86 St
626N,40.779492,-73.955589,86 St
626S,40.779492,-73.955589,86 St
627,40.77362,-73.959874,77 St
627N,40.77362,-73.959874,77 St
627S,40.77362,-73.959874,77 St
628,40.768141,-73.96387,68 St-Hunter College
628N,40.768141,-73.96387,68 St-Hunter College
628S,40.768141,-73.96387,68 St-Hunter College
629,40.762526,-73.967967,59 St
629N,40.762526,-73.967967,59 St
629S,40.762526,-73.967967,59 St
630,40.757107,-73.97192,51 St
630N,40.757107,-73.97192,51 St
630S,40.757107,-73.97192,51 St
631,40.751776,-73.976848,Grand Central-42 St
631N,40.751776,-73.976848,Grand Central-42 St
631S,40.751776,-73.976848,Grand Central-42 St
632,40.746081,-73.982076,33 St
632N,40.746081,-73.982076,33 St
632S,40.746081,-73.982076,33 St
633,40.74307,-73.984264,28 St
633N,40.74307,-73.984264,28 St
633S,40.74307,-73.984264,28 St
634,40.739864,-73.986599,23 St-Baruch College
634N,40.739864,-73.986599,23 St-Baruch College
634S,40.739864,-73.986599,23 St-Baruch College
635,40.734673,-73.989951,14 St-Union Sq
635N,40.734673,-73.989951,14 St-Union Sq
635S,40.734673,-73.989951,14 St-Union Sq
636,40.730054,-73.99107,Astor Pl
636N,40.730054,-73.99107,Astor Pl
636S,40.730054,-73.99107,Astor Pl
637,40.725915,-73.994659,Bleecker St
637N,40.725915,-73.994659,Bleecker St
637S,40.725915,-73.994659,Bleecker St
638,40.722301,-73.997141,Spring St
638N,40.722301,-73.997141,Spring St
638S,40.722301,-73.997141,Spring St
639,40.718803,-74.000193,Canal St
639N,40.718803,-74.000193,Canal St
639S,40.718803,-74.000193,Canal St
640,40.713065,-74.004131,Brooklyn Bridge-City Hall
640N,40.713065,-74.004131,Brooklyn Bridge-City Hall
640S,40.713065,-74.004131,Brooklyn Bridge-City Hall
701,40.7596,-73.83003,Flushing-Main St
701N,40.7596,-73.83003,Flushing-Main St
701S,40.7596,-73.83003,Flushing-Main St
702,40.754622,-73.845625,Mets-Willets Point
702N,40.754622,-73.845625,Mets-Willets Point
702S,40.754622,-73.845625,Mets-Willets Point
705,40.75173,-73.855334,111 St
705N,40.75173,-73.855334,111 St
705S,40.75173,-73.855334,111 St
706,40.749865,-73.8627,103 St-Corona Plaza
706N,40.749865,-73.8627,103 St-Corona Plaza
706S,40.749865,-73.8627,103 St-Corona Plaza
707,40.749145,-73.869527,Junction Blvd
707N,40.749145,-73.869527,Junction Blvd
707S,40.749145,-73.869527,Junction Blvd
708,40.748408,-73.876613,90 St-Elmhurst Av
708N,40.748408,-73.876613,90 St-Elmhurst Av
708S,40.748408,-73.876613,90 St-Elmhurst Av
709,40.747659,-73.883697,82 St-Jackson Hts
709N,40.747659,-73.883697,82 St-Jackson Hts
709S,40.747659,-73.883697,82 St-Jackson Hts
710,40.746848,-73.891394,74 St-Broadway
710N,40.746848,-73.891394,74 St-Broadway
710S,40.746848,-73.891394,74 St-Broadway
711,40.746325,-73.896403,69 St
711N,40.746325,-73.896403,69 St
711S,40.746325,-73.896403,69 St
712,40.74563,-73.902984,61 St-Woodside
712N,40.74563,-73.902984,61 St-Woodside
712S,40.74563,-73.902984,61 St-Woodside
713,40.744149,-73.912549,52 St
713N,40.744149,-73.912549,52 St
713S,40.744149,-73.912549,52 St
714,40.743132,-73.918435,46 St-Bliss St
714N,40.743132,-73.918435,46 St-Bliss St
714S,40.743132,-73.918435,46 St-Bliss St
715,40.743781,-73.924016,40 St-Lowery St
715N,40.743781,-73.924016,40 St-Lowery St
715S,40.743781,-73.924016,40 St-Lowery St
716,40.744587,-73.930997,33 St-Rawson St
716N,40.744587,-73.930997,33 St-Rawson St
716S,40.744587,-73.930997,33 St-Rawson St
718,40.750582,-73.940202,Queensboro Plaza
718N,40.750582,-73.940202,Queensboro Plaza
718S,40.750582,-73.940202,Queensboro Plaza
719,40.747023,-73.945264,Court Sq
719N,40.747023,-73.945264,Court Sq
719S,40.747023,-73.945264,Court Sq
720,40.742216,-73.948916,Hunters Point Av
720N,40.742216,-73.948916,Hunters Point Av
720S,40.742216,-73.948916,Hunters Point Av
721,40.742626,-73.953581,Vernon Blvd-Jackson Av
721N,40.742626,-73.953581,Vernon Blvd-Jackson Av
721S,40.742626,-73.953581,Vernon Blvd-Jackson Av
723,40.751431,-73.976041,Grand Central-42 St
723N,40.751431,-73.976041,Grand Central-42 St
723S,40.751431,-73.976041,Grand Central-42 St
724,40.753821,-73.981963,5 Av
724N,40.753821,-73.981963,5 Av
724S,40.753821,-73.981963,5 Av
725,40.755477,-73.987691,Times Sq-42 St
725N,40.755477,-73.987691,Times Sq-42 St
725S,40.755477,-73.987691,Times Sq-42 St
726,40.755882,-74.00191,34 St-Hudson Yards
726N,40.755882,-74.00191,34 St-Hudson Yards
726S,40.755882,-74.00191,34 St-Hudson Yards
901,40.752769,-73.979189,Grand Central-42 St
901N,40.752769,-73.979189,Grand Central-42 St
901S,40.752769,-73.979189,Grand Central-42 St
902,40.755983,-73.986229,Times Sq-42 St
902N,40.755983,-73.986229,Times Sq-42 St
902S,40.755983,-73.986229,Times Sq-42 St
A02,40.868072,-73.919899,Inwood-207 St
A02N,40.868072,-73.919899,Inwood-207 St
A02S,40.868072,-73.919899,Inwood-207 St
A03,40.865491,-73.927271,Dyckman St
A03N,40.865491,-73.927271,Dyckman St
A03S,40.865491,-73.927271,Dyckman St
A05,40.859022,-73.93418,190 St
A05N,40.859022,-73.93418,190 St
A05S,40.859022,-73.93418,190 St
A06,40.851695,-73.937969,181 St
A06N,40.851695,-73.937969,181 St
A06S,40.851695,-73.937969,181 St
A07,40.847391,-73.939704,175 St
A07N,40.847391,-73.939704,175 St
A07S,40.847391,-73.939704,175 St
A09,40.840719,-73.939561,168 St
A09N,40.840719,-73.939561,168 St
A09S,40.840719,-73.939561,168 St
A10,40.836013,-73.939892,163 St-Amsterdam Av
A10N,40.836013,-73.939892,163 St-Amsterdam Av
A10S,40.836013,-73.939892,163 St-Amsterdam Av
A11,40.830518,-73.941514,155 St
A11N,40.830518,-73.941514,155 St
A11S,40.830518,-73.941514,155 St
A12,40.824783,-73.944216,145 St
A12N,40.824783,-73.944216,145 St
A12S,40.824783,-73.944216,145 St
A14,40.817894,-73.947649,135 St
A14N,40.817894,-73.947649,135 St
A14S,40.817894,-73.947649,135 St
A15,40.811109,-73.952343,125 St
A15N,40.811109,-73.952343,125 St
A15S,40.811109,-73.952343,125 St
A16,40.805085,-73.954882,116 St
A16N,40.805085,-73.954882,116 St
A16S,40.805085,-73.954882,116 St
A17,40.800603,-73.958161,Cathedral Pkwy (110 St)
A17N,40.800603,-73.958161,Cathedral Pkwy (110 St)
A17S,40.800603,-73.958161,Cathedral Pkwy (110 St)
A18,40.796092,-73.961454,103 St
A18N,40.796092,-73.961454,103 St
A18S,40.796092,-73.961454,103 St
A19,40.791642,-73.964696,96 St
A19N,40.791642,-73.964696,96 St
A19S,40.791642,-73.964696,96 St
A20,40.785868,-73.968916,86 St
A20N,40.785868,-73.968916,86 St
A20S,40.785868,-73.968916,86 St
A21,40.781433,-73.972143,81 St-Museum of Natural History
A21N,40.781433,-73.972143,81 St-Museum of Natural History
A21S,40.781433,-73.972143,81 St-Museum of Natural History
A22,40.775594,-73.97641,72 St
A22N,40.775594,-73.97641,72 St
A22S,40.775594,-73.97641,72 St
A24,40.768296,-73.981736,59 St-Columbus Circle
A24N,40.768296,-73.981736,59 St-Columbus Circle
A24S,40.768296,-73.981736,59 St-Columbus Circle
A25,40.762456,-73.985984,50 St
A25N,40.762456,-73.985984,50 St
A25S,40.762456,-73.985984,50 St
A27,40.757308,-73.989735,42 St-Port Authority Bus Terminal
A27N,40.757308,-73.989735,42 St-Port Authority Bus Terminal
A27S,40.757308,-73.989735,42 St-Port Authority Bus Terminal
A28,40.752287,-73.993391,34 St-Penn Station
A28N,40.752287,-73.993391,34 St-Penn Station
A28S,40.752287,-73.993391,34 St-Penn Station
A30,40.745906,-73.998041,23 St
A30N,40.745906,-73.998041,23 St
A30S,40.745906,-73.998041,23 St
A31,40.740893,-74.00169,14 St
A31N,40.740893,-74.00169,14 St
A31S,40.740893,-74.00169,14 St
A32,40.732338,-74.000495,W 4 St-Wash Sq
A32N,40.732338,-74.000495,W 4 St-Wash Sq
A32S,40.732338,-74.000495,W 4 St-Wash Sq
A33,40.726227,-74.003739,Spring St
A33N,40.726227,-74.003739,Spring St
A33S,40.726227,-74.003739,Spring St
A34,40.720824,-74.005229,Canal St
A34N,40.720824,-74.005229,Canal St
A34S,40.720824,-74.005229,Canal St
A36,40.714111,-74.008585,Chambers St
A36N,40.714111,-74.008585,Chambers St
A36S,40.714111,-74.008585,Chambers St
A38,40.710197,-74.007691,Fulton St
A38N,40.710197,-74.007691,Fulton St
A38S,40.710197,-74.007691,Fulton St
A40,40.699337,-73.990531,High St
A40N,40.699337,-73.990531,High St
A40S,40.699337,-73.990531,High St
A41,40.692338,-73.987342,Jay St-MetroTech
A41N,40.692338,-73.987342,Jay St-MetroTech
A41S,40.692338,-73.987342,Jay St-MetroTech
A42,40.688484,-73.985001,Hoyt-Schermerhorn Sts
A42N,40.688484,-73.985001,Hoyt-Schermerhorn Sts
A42S,40.688484,-73.985001,Hoyt-Schermerhorn Sts
A43,40.686113,-73.973946,Lafayette Av
A43N,40.686113,-73.973946,Lafayette Av
A43S,40.686113,-73.973946,Lafayette Av
A44,40.683263,-73.965838,Clinton-Washington Avs
A44N,40.683263,-73.965838,Clinton-Washington Avs
A44S,40.683263,-73.965838,Clinton-Washington Avs
A45,40.68138,-73.956848,Franklin Av
A45N,40.68138,-73.956848,Franklin Av
A45S,40.68138,-73.956848,Franklin Av
A46,40.680438,-73.950426,Nostrand Av
A46N,40.680438,-73.950426,Nostrand Av
A46S,40.680438,-73.950426,Nostrand Av
A47,40.679921,-73.940858,Kingston-Throop Avs
A47N,40.679921,-73.940858,Kingston-Throop Avs
A47S,40.679921,-73.940858,Kingston-Throop Avs
A48,40.679364,-73.930729,Utica Av
A48N,40.679364,-73.930729,Utica Av
A48S,40.679364,-73.930729,Utica Av
A49,40.678822,-73.920786,Ralph Av
A49N,40.678822,-73.920786,Ralph Av
A49S,40.678822,-73.920786,Ralph Av
A50,40.67834,-73.911946,Rockaway Av
A50N,40.67834,-73.911946,Rockaway Av
A50S,40.67834,-73.911946,Rockaway Av
A51,40.678334,-73.905316,Broadway Junction
A51N,40.678334,-73.905316,Broadway Junction
A51S,40.678334,-73.905316,Broadway Junction
A52,40.674542,-73.896548,Liberty Av
A52N,40.674542,-73.896548,Liberty Av
A52S,40.674542,-73.896548,Liberty Av
A53,40.67271,-73.890358,Van Siclen Av
A53N,40.67271,-73.890358,Van Siclen Av
A53S,40.67271,-73.890358,Van Siclen Av
A54,40.67413,-73.88075,Shepherd Av
A54N,40.67413,-73.88075,Shepherd Av
A54S,40.67413,-73.88075,Shepherd Av
A55,40.675377,-73.872106,Euclid Av
A55N,40.675377,-73.872106,Euclid Av
A55S,40.675377,-73.872106,Euclid Av
A57,40.677044,-73.86505,Grant Av
A57N,40.677044,-73.86505,Grant Av
A57S,40.677044,-73.86505,Grant Av
A59,40.679371,-73.858992,80 St
A59N,40.679371,-73.858992,80 St
A59S,40.679371,-73.858992,80 St
A60,40.679843,-73.85147,88 St
A60N,40.679843,-73.85147,88 St
A60S,40.679843,-73.85147,88 St
A61,40.680429,-73.843853,Rockaway Blvd
A61N,40.680429,-73.843853,Rockaway Blvd
A61S,40.680429,-73.843853,Rockaway Blvd
A63,40.681711,-73.837683,104 St
A63N,40.681711,-73.837683,104 St
A63S,40.681711,-73.837683,104 St
A64,40.684331,-73.832163,111 St
A64N,40.684331,-73.832163,111 St
A64S,40.684331,-73.832163,111 St
A65,40.685951,-73.825798,Ozone Park-Lefferts Blvd
A65N,40.685951,-73.825798,Ozone Park-Lefferts Blvd
A65S,40.685951,-73.825798,Ozone Park-Lefferts Blvd
B04,40.754203,-73.942836,21 St-Queensbridge
B04N,40.754203,-73.942836,21 St-Queensbridge
B04S,40.754203,-73.942836,21 St-Queensbridge
B06,40.759145,-73.95326,Roosevelt Island
B06N,40.759145,-73.95326,Roosevelt Island
B06S,40.759145,-73.95326,Roosevelt Island
B08,40.764629,-73.966113,Lexington Av/63 St
B08N,40.764629,-73.966113,Lexington Av/63 St
B08S,40.764629,-73.966113,Lexington Av/63 St
B10,40.763972,-73.97745,57 St
B10N,40.763972,-73.97745,57 St
B10S,40.763972,-73.97745,57 St
B12,40.646292,-73.994324,9 Av
B12N,40.646292,-73.994324,9 Av
B12S,40.646292,-73.994324,9 Av
B13,40.640914,-73.994304,Fort Hamilton Pkwy
B13N,40.640914,-73.994304,Fort Hamilton Pkwy
B13S,40.640914,-73.994304,Fort Hamilton Pkwy
B14,40.63626,-73.994791,50 St
B14N,40.63626,-73.994791,50 St
B14S,40.63626,-73.994791,50 St
B15,40.631435,-73.995476,55 St
B15N,40.631435,-73.995476,55 St
B15S,40.631435,-73.995476,55 St
B16,40.626472,-73.996895,62 St
B16N,40.626472,-73.996895,62 St
B16S,40.626472,-73.996895,62 St
B17,40.619589,-73.998864,71 St
B17N,40.619589,-73.998864,71 St
B17S,40.619589,-73.998864,71 St
B18,40.613501,-74.00061,79 St
B18N,40.613501,-74.00061,79 St
B18S,40.613501,-74.00061,79 St
B19,40.607954,-74.001736,18 Av
B19N,40.607954,-74.001736,18 Av
B19S,40.607954,-74.001736,18 Av
B20,40.604556,-73.998168,20 Av
B20N,40.604556,-73.998168,20 Av
B20S,40.604556,-73.998168,20 Av
B21,40.601875,-73.993728,Bay Pkwy
B21N,40.601875,-73.993728,Bay Pkwy
B21S,40.601875,-73.993728,Bay Pkwy
B22,40.597704,-73.986829,25 Av
B22N,40.597704,-73.986829,25 Av
B22S,40.597704,-73.986829,25 Av
B23,40.588841,-73.983765,Bay 50 St
B23N,40.588841,-73.983765,Bay 50 St
B23S,40.588841,-73.983765,Bay 50 St
D01,40.874811,-73.878855,Norwood-205 St
D01N,40.874811,-73.878855,Norwood-205 St
D01S,40.874811,-73.878855,Norwood-205 St
D03,40.873244,-73.887138,Bedford Park Blvd
D03N,40.873244,-73.887138,Bedford Park Blvd
D03S,40.873244,-73.887138,Bedford Park Blvd
D04,40.866978,-73.893509,Kingsbridge Rd
D04N,40.866978,-73.893509,Kingsbridge Rd
D04S,40.866978,-73.893509,Kingsbridge Rd
D05,40.861296,-73.897749,Fordham Rd
D05N,40.861296,-73.897749,Fordham Rd
D05S,40.861296,-73.897749,Fordham Rd
D06,40.856093,-73.900741,182-183 Sts
D06N,40.856093,-73.900741,182-183 Sts
D06S,40.856093,-73.900741,182-183 Sts
D07,40.85041,-73.905227,Tremont Av
D07N,40.85041,-73.905227,Tremont Av
D07S,40.85041,-73.905227,Tremont Av
D08,40.8459,-73.910136,174-175 Sts
D08N,40.8459,-73.910136,174-175 Sts
D08S,40.8459,-73.910136,174-175 Sts
D09,40.839306,-73.9134,170 St
D09N,40.839306,-73.9134,170 St
D09S,40.839306,-73.9134,170 St
D10,40.833771,-73.91844,167 St
D10N,40.833771,-73.91844,167 St
D10S,40.833771,-73.91844,167 St
D11,40.827905,-73.925651,161 St-Yankee Stadium
D11N,40.827905,-73.925651,161 St-Yankee Stadium
D11S,40.827905,-73.925651,161 St-Yankee Stadium
D12,40.830135,-73.938209,155 St
D12N,40.830135,-73.938209,155 St
D12S,40.830135,-73.938209,155 St
D13,40.824783,-73.944216,145 St
D13N,40.824783,-73.944216,145 St
D13S,40.824783,-73.944216,145 St
D14,40.762862,-73.981637,7 Av
D14N,40.762862,-73.981637,7 Av
D14S,40.762862,-73.981637,7 Av
D15,40.758663,-73.981329,47-50 Sts-Rockefeller Ctr
D15N,40.758663,-73.981329,47-50 Sts-Rockefeller Ctr
D15S,40.758663,-73.981329,47-50 Sts-Rockefeller Ctr
D16,40.754222,-73.984569,42 St-Bryant Pk
D16N,40.754222,-73.984569,42 St-Bryant Pk
D16S,40.754222,-73.984569,42 St-Bryant Pk
D17,40.749719,-73.987823,34 St-Herald Sq
D17N,40.749719,-73.987823,34 St-Herald Sq
D17S,40.749719,-73.987823,34 St-Herald Sq
D18,40.742878,-73.992821,23 St
D18N,40.742878,-73.992821,23 St
D18S,40.742878,-73.992821,23 St
D19,40.738228,-73.996209,14 St
D19N,40.738228,-73.996209,14 St
D19S,40.738228,-73.996209,14 St
D20,40.732338,-74.000495,W 4 St-Wash Sq
D20N,40.732338,-74.000495,W 4 St-Wash Sq
D20S,40.732338,-74.000495,W 4 St-Wash Sq
D21,40.725297,-73.996204,Broadway-Lafayette St
D21N,40.725297,-73.996204,Broadway-Lafayette St
D21S,40.725297,-73.996204,Broadway-Lafayette St
D22,40.718267,-73.993753,Grand St
D22N,40.718267,-73.993753,Grand St
D22S,40.718267,-73.993753,Grand St
D24,40.68446,-73.97689,Atlantic Av-Barclays Ctr
D24N,40.68446,-73.97689,Atlantic Av-Barclays Ctr
D24S,40.68446,-73.97689,Atlantic Av-Barclays Ctr
D25,40.67705,-73.972367,7 Av
D25N,40.67705,-73.972367,7 Av
D25S,40.67705,-73.972367,7 Av
D26,40.661614,-73.962246,Prospect Park
D26N,40.661614,-73.962246,Prospect Park
D26S,40.661614,-73.962246,Prospect Park
D27,40.655292,-73.961495,Parkside Av
D27N,40.655292,-73.961495,Parkside Av
D27S,40.655292,-73.961495,Parkside Av
D28,40.650527,-73.962982,Church Av
D28N,40.650527,-73.962982,Church Av
D28S,40.650527,-73.962982,Church Av
D29,40.644031,-73.964492,Beverley Rd
D29N,40.644031,-73.964492,Beverley Rd
D29S,40.644031,-73.964492,Beverley Rd
D30,40.640927,-73.963891,Cortelyou Rd
D30N,40.640927,-73.963891,Cortelyou Rd
D30S,40.640927,-73.963891,Cortelyou Rd
D31,40.635082,-73.962793,Newkirk Plaza
D31N,40.635082,-73.962793,Newkirk Plaza
D31S,40.635082,-73.962793,Newkirk Plaza
D32,40.62927,-73.961639,Avenue H
D32N,40.62927,-73.961639,Avenue H
D32S,40.62927,-73.961639,Avenue H
D33,40.625039,-73.960803,Avenue J
D33N,40.625039,-73.960803,Avenue J
D33S,40.625039,-73.960803,Avenue J
D34,40.617618,-73.959399,Avenue M
D34N,40.617618,-73.959399,Avenue M
D34S,40.617618,-73.959399,Avenue M
D35,40.60867,-73.957734,Kings Hwy
D35N,40.60867,-73.957734,Kings Hwy
D35S,40.60867,-73.957734,Kings Hwy
D37,40.5993,-73.955929,Avenue U
D37N,40.5993,-73.955929,Avenue U
D37S,40.5993,-73.955929,Avenue U
D38,40.595246,-73.955161,Neck Rd
D38N,40.595246,-73.955161,Neck Rd
D38S,40.595246,-73.955161,Neck Rd
D39,40.586896,-73.954155,Sheepshead Bay
D39N,40.586896,-73.954155,Sheepshead Bay
D39S,40.586896,-73.954155,Sheepshead Bay
D40,40.577621,-73.961376,Brighton Beach
D40N,40.577621,-73.961376,Brighton Beach
D40S,40.577621,-73.961376,Brighton Beach
D41,40.576312,-73.968501,Ocean Pkwy
D41N,40.576312,-73.968501,Ocean Pkwy
D41S,40.576312,-73.968501,Ocean Pkwy
D42,40.576127,-73.975939,W 8 St-NY Aquarium
D42N,40.576127,-73.975939,W 8 St-NY Aquarium
D42S,40.576127,-73.975939,W 8 St-NY Aquarium
D43,40.577422,-73.981233,Coney Island-Stillwell Av
D43N,40.577422,-73.981233,Coney Island-Stillwell Av
D43S,40.577422,-73.981233,Coney Island-Stillwell Av
E01,40.712582,-74.009781,World Trade Center
E01N,40.712582,-74.009781,World Trade Center
E01S,40.712582,-74.009781,World Trade Center
F01,40.712646,-73.783817,Jamaica-179 St
F01N,40.712646,-73.783817,Jamaica-179 St
F01S,40.712646,-73.783817,Jamaica-179 St
F02,40.71047,-73.793604,169 St
F02N,40.71047,-73.793604,169 St
F02S,40.71047,-73.793604,169 St
F03,40.707564,-73.803326,Parsons Blvd
F03N,40.707564,-73.803326,Parsons Blvd
F03S,40.707564,-73.803326,Parsons Blvd
F04,40.70546,-73.810708,Sutphin Blvd
F04N,40.70546,-73.810708,Sutphin Blvd
F04S,40.70546,-73.810708,Sutphin Blvd
F05,40.709179,-73.820574,Briarwood
F05N,40.709179,-73.820574,Briarwood
F05S,40.709179,-73.820574,Briarwood
F06,40.714441,-73.831008,Kew Gardens-Union Tpke
F06N,40.714441,-73.831008,Kew Gardens-Union Tpke
F06S,40.714441,-73.831008,Kew Gardens-Union Tpke
F07,40.718331,-73.837324,75 Av
F07N,40.718331,-73.837324,75 Av
F07S,40.718331,-73.837324,75 Av
F09,40.747846,-73.946,Court Sq-23 St
F09N,40.747846,-73.946,Court Sq-23 St
F09S,40.747846,-73.946,Court Sq-23 St
F11,40.757552,-73.969055,Lexington Av/53 St
F11N,40.757552,-73.969055,Lexington Av/53 St
F11S,40.757552,-73.969055,Lexington Av/53 St
F12,40.760167,-73.975224,5 Av/53 St
F12N,40.760167,-73.975224,5 Av/53 St
F12S,40.760167,-73.975224,5 Av/53 St
F14,40.723402,-73.989938,2 Av
F14N,40.723402,-73.989938,2 Av
F14S,40.723402,-73.989938,2 Av
F15,40.718611,-73.988114,Delancey St-Essex St
F15N,40.718611,-73.988114,Delancey St-Essex St
F15S,40.718611,-73.988114,Delancey St-Essex St
F16,40.713715,-73.990173,East Broadway
F16N,40.713715,-73.990173,East Broadway
F16S,40.713715,-73.990173,East Broadway
F18,40.701397,-73.986751,York St
F18N,40.701397,-73.986751,York St
F18S,40.701397,-73.986751,York St
F20,40.686145,-73.990862,Bergen St
F20N,40.686145,-73.990862,Bergen St
F20S,40.686145,-73.990862,Bergen St
F21,40.680303,-73.995048,Carroll St
F21N,40.680303,-73.995048,Carroll St
F21S,40.680303,-73.995048,Carroll St
F22,40.67358,-73.995959,Smith-9 Sts
F22N,40.67358,-73.995959,Smith-9 Sts
F22S,40.67358,-73.995959,Smith-9 Sts
F23,40.670272,-73.989779,4 Av-9 St
F23N,40.670272,-73.989779,4 Av-9 St
F23S,40.670272,-73.989779,4 Av-9 St
F24,40.666271,-73.980305,7 Av
F24N,40.666271,-73.980305,7 Av
F24S,40.666271,-73.980305,7 Av
F25,40.660365,-73.979493,15 St-Prospect Park
F25N,40.660365,-73.979493,15 St-Prospect Park
F25S,40.660365,-73.979493,15 St-Prospect Park
F26,40.650782,-73.975776,Fort Hamilton Pkwy
F26N,40.650782,-73.975776,Fort Hamilton Pkwy
F26S,40.650782,-73.975776,Fort Hamilton Pkwy
F27,40.644041,-73.979678,Church Av
F27N,40.644041,-73.979678,Church Av
F27S,40.644041,-73.979678,Church Av
F29,40.636119,-73.978172,Ditmas Av
F29N,40.636119,-73.978172,Ditmas Av
F29S,40.636119,-73.978172,Ditmas Av
F30,40.629755,-73.976971,18 Av
F30N,40.629755,-73.976971,18 Av
F30S,40.629755,-73.976971,18 Av
F31,40.625322,-73.976127,Avenue I
F31N,40.625322,-73.976127,Avenue I
F31S,40.625322,-73.976127,Avenue I
F32,40.620769,-73.975264,Bay Pkwy
F32N,40.620769,-73.975264,Bay Pkwy
F32S,40.620769,-73.975264,Bay Pkwy
F33,40.61514,-73.974197,Avenue N
F33N,40.61514,-73.974197,Avenue N
F33S,40.61514,-73.974197,Avenue N
F34,40.608944,-73.973022,Avenue P
F34N,40.608944,-73.973022,Avenue P
F34S,40.608944,-73.973022,Avenue P
F35,40.603217,-73.972361,Kings Hwy
F35N,40.603217,-73.972361,Kings Hwy
F35S,40.603217,-73.972361,Kings Hwy
F36,40.596063,-73.973357,Avenue U
F36N,40.596063,-73.973357,Avenue U
F36S,40.596063,-73.973357,Avenue U
F38,40.58962,-73.97425,Avenue X
F38N,40.58962,-73.97425,Avenue X
F38S,40.58962,-73.97425,Avenue X
F39,40.581011,-73.974574,Neptune Av
F39N,40.581011,-73.974574,Neptune Av
F39S,40.581011,-73.974574,Neptune Av
G05,40.702147,-73.801109,Jamaica Center-Parsons/Archer
G05N,40.702147,-73.801109,Jamaica Center-Parsons/Archer
G05S,40.702147,-73.801109,Jamaica Center-Parsons/Archer
G06,40.700486,-73.807969,Sutphin Blvd-Archer Av-JFK Airport
G06N,40.700486,-73.807969,Sutphin Blvd-Archer Av-JFK Airport
G06S,40.700486,-73.807969,Sutphin Blvd-Archer Av-JFK Airport
G07,40.702566,-73.816859,Jamaica-Van Wyck
G07N,40.702566,-73.816859,Jamaica-Van Wyck
G07S,40.702566,-73.816859,Jamaica-Van Wyck
G08,40.721691,-73.844521,Forest Hills-71 Av
G08N,40.721691,-73.844521,Forest Hills-71 Av
G08S,40.721691,-73.844521,Forest Hills-71 Av
G09,40.726523,-73.852719,67 Av
G09N,40.726523,-73.852719,67 Av
G09S,40.726523,-73.852719,67 Av
G10,40.729846,-73.861604,63 Dr-Rego Park
G10N,40.729846,-73.861604,63 Dr-Rego Park
G10S,40.729846,-73.861604,63 Dr-Rego Park
G11,40.733106,-73.869229,Woodhaven Blvd
G11N,40.733106,-73.869229,Woodhaven Blvd
G11S,40.733106,-73.869229,Woodhaven Blvd
G12,40.737015,-73.877223,Grand Av-Newtown
G12N,40.737015,-73.877223,Grand Av-Newtown
G12S,40.737015,-73.877223,Grand Av-Newtown
G13,40.742454,-73.882017,Elmhurst Av
G13N,40.742454,-73.882017,Elmhurst Av
G13S,40.742454,-73.882017,Elmhurst Av
G14,40.746644,-73.891338,Jackson Hts-Roosevelt Av
G14N,40.746644,-73.891338,Jackson Hts-Roosevelt Av
G14S,40.746644,-73.891338,Jackson Hts-Roosevelt Av
G15,40.749669,-73.898453,65 St
G15N,40.749669,-73.898453,65 St
G15S,40.749669,-73.898453,65 St
G16,40.752885,-73.906006,Northern Blvd
G16N,40.752885,-73.906006,Northern Blvd
G16S,40.752885,-73.906006,Northern Blvd
G18,40.756312,-73.913333,46 St
G18N,40.756312,-73.913333,46 St
G18S,40.756312,-73.913333,46 St
G19,40.756879,-73.92074,Steinway St
G19N,40.756879,-73.92074,Steinway St
G19S,40.756879,-73.92074,Steinway St
G20,40.752039,-73.928781,36 St
G20N,40.752039,-73.928781,36 St
G20S,40.752039,-73.928781,36 St
G21,40.748973,-73.937243,Queens Plaza
G21N,40.748973,-73.937243,Queens Plaza
G21S,40.748973,-73.937243,Queens Plaza
G22,40.746554,-73.943832,Court Sq
G22N,40.746554,-73.943832,Court Sq
G22S,40.746554,-73.943832,Court Sq
G24,40.744065,-73.949724,21 St
G24N,40.744065,-73.949724,21 St
G24S,40.744065,-73.949724,21 St
G26,40.731352,-73.954449,Greenpoint Av
G26N,40.731352,-73.954449,Greenpoint Av
G26S,40.731352,-73.954449,Greenpoint Av
G28,40.724635,-73.951277,Nassau Av
G28N,40.724635,-73.951277,Nassau Av
G28S,40.724635,-73.951277,Nassau Av
G29,40.712792,-73.951418,Metropolitan Av
G29N,40.712792,-73.951418,Metropolitan Av
G29S,40.712792,-73.951418,Metropolitan Av
G30,40.706092,-73.950308,Broadway
G30N,40.706092,-73.950308,Broadway
G30S,40.706092,-73.950308,Broadway
G31,40.700377,-73.950234,Flushing Av
G31N,40.700377,-73.950234,Flushing Av
G31S,40.700377,-73.950234,Flushing Av
G32,40.694568,-73.949046,Myrtle-Willoughby Avs
G32N,40.694568,-73.949046,Myrtle-Willoughby Avs
G32S,40.694568,-73.949046,Myrtle-Willoughby Avs
G33,40.689627,-73.953522,Bedford-Nostrand Avs
G33N,40.689627,-73.953522,Bedford-Nostrand Avs
G33S,40.689627,-73.953522,Bedford-Nostrand Avs
G34,40.688873,-73.96007,Classon Av
G34N,40.688873,-73.96007,Classon Av
G34S,40.688873,-73.96007,Classon Av
G35,40.688089,-73.966839,Clinton-Washington Avs
G35N,40.688089,-73.966839,Clinton-Washington Avs
G35S,40.688089,-73.966839,Clinton-Washington Avs
G36,40.687119,-73.975375,Fulton St
G36N,40.687119,-73.975375,Fulton St
G36S,40.687119,-73.975375,Fulton St
H01,40.672097,-73.835919,Aqueduct Racetrack
H01N,40.672097,-73.835919,Aqueduct Racetrack
H01S,40.672097,-73.835919,Aqueduct Racetrack
H02,40.668234,-73.834058,Aqueduct-N Conduit Av
H02N,40.668234,-73.834058,Aqueduct-N Conduit Av
H02S,40.668234,-73.834058,Aqueduct-N Conduit Av
H03,40.660476,-73.830301,Howard Beach-JFK Airport
H03N,40.660476,-73.830301,Howard Beach-JFK Airport
H03S,40.660476,-73.830301,Howard Beach-JFK Airport
H04,40.608382,-73.815925,Broad Channel
H04N,40.608382,-73.815925,Broad Channel
H04S,40.608382,-73.815925,Broad Channel
H06,40.590927,-73.796924,Beach 67 St
H06N,40.590927,-73.796924,Beach 67 St
H06S,40.590927,-73.796924,Beach 67 St
H07,40.592374,-73.788522,Beach 60 St
H07N,40.592374,-73.788522,Beach 60 St
H07S,40.592374,-73.788522,Beach 60 St
H08,40.592943,-73.776013,Beach 44 St
H08N,40.592943,-73.776013,Beach 44 St
H08S,40.592943,-73.776013,Beach 44 St
H09,40.595398,-73.768175,Beach 36 St
H09N,40.595398,-73.768175,Beach 36 St
H09S,40.595398,-73.768175,Beach 36 St
H10,40.600066,-73.761353,Beach 25 St
H10N,40.600066,-73.761353,Beach 25 St
H10S,40.600066,-73.761353,Beach 25 St
H11,40.603995,-73.755405,Far Rockaway-Mott Av
H11N,40.603995,-73.755405,Far Rockaway-Mott Av
H11S,40.603995,-73.755405,Far Rockaway-Mott Av
H12,40.588034,-73.813641,Beach 90 St
H12N,40.588034,-73.813641,Beach 90 St
H12S,40.588034,-73.813641,Beach 90 St
H13,40.585307,-73.820558,Beach 98 St
H13N,40.585307,-73.820558,Beach 98 St
H13S,40.585307,-73.820558,Beach 98 St
H14,40.583209,-73.827559,Beach 105 St
H14N,40.583209,-73.827559,Beach 105 St
H14S,40.583209,-73.827559,Beach 105 St
H15,40.580903,-73.835592,Rockaway Park-Beach 116 St
H15N,40.580903,-73.835592,Rockaway Park-Beach 116 St
H15S,40.580903,-73.835592,Rockaway Park-Beach 116 St
J12,40.700492,-73.828294,121 St
J12N,40.700492,-73.828294,121 St
J12S,40.700492,-73.828294,121 St
J13,40.697418,-73.836345,111 St
J13N,40.697418,-73.836345,111 St
J13S,40.697418,-73.836345,111 St
J14,40.695178,-73.84433,104 St
J14N,40.695178,-73.84433,104 St
J14S,40.695178,-73.84433,104 St
J15,40.693879,-73.851576,Woodhaven Blvd
J15N,40.693879,-73.851576,Woodhaven Blvd
J15S,40.693879,-73.851576,Woodhaven Blvd
J16,40.692435,-73.86001,85 St-Forest Pkwy
J16N,40.692435,-73.86001,85 St-Forest Pkwy
J16S,40.692435,-73.86001,85 St-Forest Pkwy
J17,40.691324,-73.867139,75 St-Elderts Ln
J17N,40.691324,-73.867139,75 St-Elderts Ln
J17S,40.691324,-73.867139,75 St-Elderts Ln
J19,40.689941,-73.87255,Cypress Hills
J19N,40.689941,-73.87255,Cypress Hills
J19S,40.689941,-73.87255,Cypress Hills
J20,40.683194,-73.873785,Crescent St
J20N,40.683194,-73.873785,Crescent St
J20S,40.683194,-73.873785,Crescent St
J21,40.68141,-73.880039,Norwood Av
J21N,40.68141,-73.880039,Norwood Av
J21S,40.68141,-73.880039,Norwood Av
J22,40.679947,-73.884639,Cleveland St
J22N,40.679947,-73.884639,Cleveland St
J22S,40.679947,-73.884639,Cleveland St
J23,40.678024,-73.891688,Van Siclen Av
J23N,40.678024,-73.891688,Van Siclen Av
J23S,40.678024,-73.891688,Van Siclen Av
J24,40.676992,-73.898654,Alabama Av
J24N,40.676992,-73.898654,Alabama Av
J24S,40.676992,-73.898654,Alabama Av
J27,40.679498,-73.904512,Broadway Junction
J27N,40.679498,-73.904512,Broadway Junction
J27S,40.679498,-73.904512,Broadway Junction
J28,40.682893,-73.910456,Chauncey St
J28N,40.682893,-73.910456,Chauncey St
J28S,40.682893,-73.910456,Chauncey St
J29,40.68637,-73.916559,Halsey St
J29N,40.68637,-73.916559,Halsey St
J29S,40.68637,-73.916559,Halsey St
J30,40.68963,-73.92227,Gates Av
J30N,40.68963,-73.92227,Gates Av
J30S,40.68963,-73.92227,Gates Av
J31,40.693342,-73.928814,Kosciuszko St
J31N,40.693342,-73.928814,Kosciuszko St
J31S,40.693342,-73.928814,Kosciuszko St
L01,40.739777,-74.002578,8 Av
L01N,40.739777,-74.002578,8 Av
L01S,40.739777,-74.002578,8 Av
L02,40.737335,-73.996786,6 Av
L02N,40.737335,-73.996786,6 Av
L02S,40.737335,-73.996786,6 Av
L03,40.734789,-73.99073,14 St-Union Sq
L03N,40.734789,-73.99073,14 St-Union Sq
L03S,40.734789,-73.99073,14 St-Union Sq
L05,40.732849,-73.986122,3 Av
L05N,40.732849,-73.986122,3 Av
L05S,40.732849,-73.986122,3 Av
L06,40.730953,-73.981628,1 Av
L06N,40.730953,-73.981628,1 Av
L06S,40.730953,-73.981628,1 Av
L08,40.717304,-73.956872,Bedford Av
L08N,40.717304,-73.956872,Bedford Av
L08S,40.717304,-73.956872,Bedford Av
L10,40.714063,-73.950275,Lorimer St
L10N,40.714063,-73.950275,Lorimer St
L10S,40.714063,-73.950275,Lorimer St
L11,40.714565,-73.944053,Graham Av
L11N,40.714565,-73.944053,Graham Av
L11S,40.714565,-73.944053,Graham Av
L12,40.711926,-73.94067,Grand St
L12N,40.711926,-73.94067,Grand St
L12S,40.711926,-73.94067,Grand St
L13,40.707739,-73.93985,Montrose Av
L13N,40.707739,-73.93985,Montrose Av
L13S,40.707739,-73.93985,Montrose Av
L14,40.706152,-73.933147,Morgan Av
L14N,40.706152,-73.933147,Morgan Av
L14S,40.706152,-73.933147,Morgan Av
L15,40.706607,-73.922913,Jefferson St
L15N,40.706607,-73.922913,Jefferson St
L15S,40.706607,-73.922913,Jefferson St
L16,40.703811,-73.918425,DeKalb Av
L16N,40.703811,-73.918425,DeKalb Av
L16S,40.703811,-73.918425,DeKalb Av
L17,40.699814,-73.911586,Myrtle-Wyckoff Avs
L17N,40.699814,-73.911586,Myrtle-Wyckoff Avs
L17S,40.699814,-73.911586,Myrtle-Wyckoff Avs
L19,40.695602,-73.904084,Halsey St
L19N,40.695602,-73.904084,Halsey St
L19S,40.695602,-73.904084,Halsey St
L20,40.688764,-73.904046,Wilson Av
L20N,40.688764,-73.904046,Wilson Av
L20S,40.688764,-73.904046,Wilson Av
L21,40.682829,-73.905249,Bushwick Av-Aberdeen St
L21N,40.682829,-73.905249,Bushwick Av-Aberdeen St
L21S,40.682829,-73.905249,Bushwick Av-Aberdeen St
L22,40.678856,-73.90324,Broadway Junction
L22N,40.678856,-73.90324,Broadway Junction
L22S,40.678856,-73.90324,Broadway Junction
L24,40.675345,-73.903097,Atlantic Av
L24N,40.675345,-73.903097,Atlantic Av
L24S,40.675345,-73.903097,Atlantic Av
L25,40.669367,-73.901975,Sutter Av
L25N,40.669367,-73.901975,Sutter Av
L25S,40.669367,-73.901975,Sutter Av
L26,40.664038,-73.900571,Livonia Av
L26N,40.664038,-73.900571,Livonia Av
L26S,40.664038,-73.900571,Livonia Av
L27,40.658733,-73.899232,New Lots Av
L27N,40.658733,-73.899232,New Lots Av
L27S,40.658733,-73.899232,New Lots Av
L28,40.650573,-73.899485,East 105 St
L28N,40.650573,-73.899485,East 105 St
L28S,40.650573,-73.899485,East 105 St
L29,40.646654,-73.90185,Canarsie-Rockaway Pkwy
L29N,40.646654,-73.90185,Canarsie-Rockaway Pkwy
L29S,40.646654,-73.90185,Canarsie-Rockaway Pkwy
M01,40.711396,-73.889601,Middle Village-Metropolitan Av
M01N,40.711396,-73.889601,Middle Village-Metropolitan Av
M01S,40.711396,-73.889601,Middle Village-Metropolitan Av
M04,40.706186,-73.895877,Fresh Pond Rd
M04N,40.706186,-73.895877,Fresh Pond Rd
M04S,40.706186,-73.895877,Fresh Pond Rd
M05,40.704423,-73.903077,Forest Av
M05N,40.704423,-73.903077,Forest Av
M05S,40.704423,-73.903077,Forest Av
M06,40.702762,-73.90774,Seneca Av
M06N,40.702762,-73.90774,Seneca Av
M06S,40.702762,-73.90774,Seneca Av
M08,40.69943,-73.912385,Myrtle-Wyckoff Avs
M08N,40.69943,-73.912385,Myrtle-Wyckoff Avs
M08S,40.69943,-73.912385,Myrtle-Wyckoff Avs
M09,40.698664,-73.919711,Knickerbocker Av
M09N,40.698664,-73.919711,Knickerbocker Av
M09S,40.698664,-73.919711,Knickerbocker Av
M10,40.697857,-73.927397,Central Av
M10N,40.697857,-73.927397,Central Av
M10S,40.697857,-73.927397,Central Av
M11,40.697207,-73.935657,Myrtle Av
M11N,40.697207,-73.935657,Myrtle Av
M11S,40.697207,-73.935657,Myrtle Av
M12,40.70026,-73.941126,Flushing Av
M12N,40.70026,-73.941126,Flushing Av
M12S,40.70026,-73.941126,Flushing Av
M13,40.703869,-73.947408,Lorimer St
M13N,40.703869,-73.947408,Lorimer St
M13S,40.703869,-73.947408,Lorimer St
M14,40.70687,-73.953431,Hewes St
M14N,40.70687,-73.953431,Hewes St
M14S,40.70687,-73.953431,Hewes St
M16,40.708359,-73.957757,Marcy Av
M16N,40.708359,-73.957757,Marcy Av
M16S,40.708359,-73.957757,Marcy Av
M18,40.718315,-73.987437,Delancey St-Essex St
M18N,40.718315,-73.987437,Delancey St-Essex St
M18S,40.718315,-73.987437,Delancey St-Essex St
M19,40.72028,-73.993915,Bowery
M19N,40.72028,-73.993915,Bowery
M19S,40.72028,-73.993915,Bowery
M20,40.718092,-73.999892,Canal St
M20N,40.718092,-73.999892,Canal St
M20S,40.718092,-73.999892,Canal St
M21,40.713243,-74.003401,Chambers St
M21N,40.713243,-74.003401,Chambers St
M21S,40.713243,-74.003401,Chambers St
M22,40.710374,-74.007582,Fulton St
M22N,40.710374,-74.007582,Fulton St
M22S,40.710374,-74.007582,Fulton St
M23,40.706476,-74.011056,Broad St
M23N,40.706476,-74.011056,Broad St
M23S,40.706476,-74.011056,Broad St
N02,40.635064,-74.011719,8 Av
N02N,40.635064,-74.011719,8 Av
N02S,40.635064,-74.011719,8 Av
N03,40.631386,-74.005351,Fort Hamilton Pkwy
N03N,40.631386,-74.005351,Fort Hamilton Pkwy
N03S,40.631386,-74.005351,Fort Hamilton Pkwy
N04,40.624842,-73.996353,New Utrecht Av
N04N,40.624842,-73.996353,New Utrecht Av
N04S,40.624842,-73.996353,New Utrecht Av
N05,40.620671,-73.990414,18 Av
N05N,40.620671,-73.990414,18 Av
N05S,40.620671,-73.990414,18 Av
N06,40.61741,-73.985026,20 Av
N06N,40.61741,-73.985026,20 Av
N06S,40.61741,-73.985026,20 Av
N07,40.611815,-73.981848,Bay Pkwy
N07N,40.611815,-73.981848,Bay Pkwy
N07S,40.611815,-73.981848,Bay Pkwy
N08,40.603923,-73.980353,Kings Hwy
N08N,40.603923,-73.980353,Kings Hwy
N08S,40.603923,-73.980353,Kings Hwy
N09,40.597473,-73.979137,Avenue U
N09N,40.597473,-73.979137,Avenue U
N09S,40.597473,-73.979137,Avenue U
N10,40.592721,-73.97823,86 St
N10N,40.592721,-73.97823,86 St
N10S,40.592721,-73.97823,86 St
Q01,40.718383,-74.00046,Canal St
Q01N,40.718383,-74.00046,Canal St
Q01S,40.718383,-74.00046,Canal St
Q03,40.768799,-73.958424,72 St
Q03N,40.768799,-73.958424,72 St
Q03S,40.768799,-73.958424,72 St
Q04,40.777891,-73.951787,86 St
Q04N,40.777891,-73.951787,86 St
Q04S,40.777891,-73.951787,86 St
Q05,40.784318,-73.947152,96 St
Q05N,40.784318,-73.947152,96 St
Q05S,40.784318,-73.947152,96 St
R01,40.775036,-73.912034,Astoria-Ditmars Blvd
R01N,40.775036,-73.912034,Astoria-Ditmars Blvd
R01S,40.775036,-73.912034,Astoria-Ditmars Blvd
R03,40.770258,-73.917843,Astoria Blvd
R03N,40.770258,-73.917843,Astoria Blvd
R03S,40.770258,-73.917843,Astoria Blvd
R04,40.766779,-73.921479,30 Av
R04N,40.766779,-73.921479,30 Av
R04S,40.766779,-73.921479,30 Av
R05,40.76182,-73.925508,Broadway
R05N,40.76182,-73.925508,Broadway
R05S,40.76182,-73.925508,Broadway
R06,40.756804,-73.929575,36 Av
R06N,40.756804,-73.929575,36 Av
R06S,40.756804,-73.929575,36 Av
R08,40.752882,-73.932755,39 Av-Dutch Kills
R08N,40.752882,-73.932755,39 Av-Dutch Kills
R08S,40.752882,-73.932755,39 Av-Dutch Kills
R09,40.750582,-73.940202,Queensboro Plaza
R09N,40.750582,-73.940202,Queensboro Plaza
R09S,40.750582,-73.940202,Queensboro Plaza
R11,40.76266,-73.967258,Lexington Av/59 St
R11N,40.76266,-73.967258,Lexington Av/59 St
R11S,40.76266,-73.967258,Lexington Av/59 St
R13,40.764811,-73.973347,5 Av/59 St
R13N,40.764811,-73.973347,5 Av/59 St
R13S,40.764811,-73.973347,5 Av/59 St
R14,40.764664,-73.980658,57 St-7 Av
R14N,40.764664,-73.980658,57 St-7 Av
R14S,40.764664,-73.980658,57 St-7 Av
R15,40.759901,-73.984139,49 St
R15N,40.759901,-73.984139,49 St
R15S,40.759901,-73.984139,49 St
R16,40.754672,-73.986754,Times Sq-42 St
R16N,40.754672,-73.986754,Times Sq-42 St
R16S,40.754672,-73.986754,Times Sq-42 St
R17,40.749567,-73.98795,34 St-Herald Sq
R17N,40.749567,-73.98795,34 St-Herald Sq
R17S,40.749567,-73.98795,34 St-Herald Sq
R18,40.745494,-73.988691,28 St
R18N,40.745494,-73.988691,28 St
R18S,40.745494,-73.988691,28 St
R19,40.741303,-73.989344,23 St
R19N,40.741303,-73.989344,23 St
R19S,40.741303,-73.989344,23 St
R20,40.735736,-73.990568,14 St-Union Sq
R20N,40.735736,-73.990568,14 St-Union Sq
R20S,40.735736,-73.990568,14 St-Union Sq
R21,40.730328,-73.992629,8 St-NYU
R21N,40.730328,-73.992629,8 St-NYU
R21S,40.730328,-73.992629,8 St-NYU
R22,40.724329,-73.997702,Prince St
R22N,40.724329,-73.997702,Prince St
R22S,40.724329,-73.997702,Prince St
R23,40.719527,-74.001775,Canal St
R23N,40.719527,-74.001775,Canal St
R23S,40.719527,-74.001775,Canal St
R24,40.713282,-74.006978,City Hall
R24N,40.713282,-74.006978,City Hall
R24S,40.713282,-74.006978,City Hall
R25,40.710668,-74.011029,Cortlandt St
R25N,40.710668,-74.011029,Cortlandt St
R25S,40.710668,-74.011029,Cortlandt St
R26,40.70722,-74.013342,Rector St
R26N,40.70722,-74.013342,Rector St
R26S,40.70722,-74.013342,Rector St
R27,40.703087,-74.012994,Whitehall St-South Ferry
R27N,40.703087,-74.012994,Whitehall St-South Ferry
R27S,40.703087,-74.012994,Whitehall St-South Ferry
R28,40.6941,-73.991777,Court St
R28N,40.6941,-73.991777,Court St
R28S,40.6941,-73.991777,Court St
R29,40.69218,-73.985942,Jay St-MetroTech
R29N,40.69218,-73.985942,Jay St-MetroTech
R29S,40.69218,-73.985942,Jay St-MetroTech
R30,40.690635,-73.981824,DeKalb Av
R30N,40.690635,-73.981824,DeKalb Av
R30S,40.690635,-73.981824,DeKalb Av
R31,40.683666,-73.97881,Atlantic Av-Barclays Ctr
R31N,40.683666,-73.97881,Atlantic Av-Barclays Ctr
R31S,40.683666,-73.97881,Atlantic Av-Barclays Ctr
R32,40.677316,-73.98311,Union St
R32N,40.677316,-73.98311,Union St
R32S,40.677316,-73.98311,Union St
R33,40.670847,-73.988302,4 Av-9 St
R33N,40.670847,-73.988302,4 Av-9 St
R33S,40.670847,-73.988302,4 Av-9 St
R34,40.665414,-73.992872,Prospect Av
R34N,40.665414,-73.992872,Prospect Av
R34S,40.665414,-73.992872,Prospect Av
R35,40.660397,-73.998091,25 St
R35N,40.660397,-73.998091,25 St
R35S,40.660397,-73.998091,25 St
R36,40.655144,-74.003549,36 St
R36N,40.655144,-74.003549,36 St
R36S,40.655144,-74.003549,36 St
R39,40.648939,-74.010006,45 St
R39N,40.648939,-74.010006,45 St
R39S,40.648939,-74.010006,45 St
R40,40.645069,-74.014034,53 St
R40N,40.645069,-74.014034,53 St
R40S,40.645069,-74.014034,53 St
R41,40.641362,-74.017881,59 St
R41N,40.641362,-74.017881,59 St
R41S,40.641362,-74.017881,59 St
R42,40.634967,-74.023377,Bay Ridge Av
R42N,40.634967,-74.023377,Bay Ridge Av
R42S,40.634967,-74.023377,Bay Ridge Av
R43,40.629742,-74.02551,77 St
R43N,40.629742,-74.02551,77 St
R43S,40.629742,-74.02551,77 St
R44,40.622687,-74.028398,86 St
R44N,40.622687,-74.028398,86 St
R44S,40.622687,-74.028398,86 St
R45,40.616622,-74.030876,Bay Ridge-95 St
R45N,40.616622,-74.030876,Bay Ridge-95 St
R45S,40.616622,-74.030876,Bay Ridge-95 St
S01,40.680596,-73.955827,Franklin Av
S01N,40.680596,-73.955827,Franklin Av
S01S,40.680596,-73.955827,Franklin Av
S03,40.674772,-73.957624,Park Pl
S03N,40.674772,-73.957624,Park Pl
S03S,40.674772,-73.957624,Park Pl
S04,40.670343,-73.959245,Botanic Garden
S04N,40.670343,-73.959245,Botanic Garden
S04S,40.670343,-73.959245,Botanic Garden
S09,40.512764,-74.251961,Tottenville
S09N,40.512764,-74.251961,Tottenville
S09S,40.512764,-74.251961,Tottenville
S11,40.516578,-74.242096,Arthur Kill
S11N,40.516578,-74.242096,Arthur Kill
S11S,40.516578,-74.242096,Arthur Kill
S13,40.519631,-74.229141,Richmond Valley
S13N,40.519631,-74.229141,Richmond Valley
S13S,40.519631,-74.229141,Richmond Valley
S14,40.52241,-74.217847,Pleasant Plains
S14N,40.52241,-74.217847,Pleasant Plains
S14S,40.52241,-74.217847,Pleasant Plains
S15,40.525507,-74.200064,Prince's Bay
S15N,40.525507,-74.200064,Prince's Bay
S15S,40.525507,-74.200064,Prince's Bay
S16,40.533674,-74.191794,Huguenot
S16N,40.533674,-74.191794,Huguenot
S16S,40.533674,-74.191794,Huguenot
S17,40.54046,-74.178217,Annadale
S17N,40.54046,-74.178217,Annadale
S17S,40.54046,-74.178217,Annadale
S18,40.544601,-74.16457,Eltingville
S18N,40.544601,-74.16457,Eltingville
S18S,40.544601,-74.16457,Eltingville
S19,40.551231,-74.151399,Great Kills
S19N,40.551231,-74.151399,Great Kills
S19S,40.551231,-74.151399,Great Kills
S20,40.5564,-74.136907,Bay Terrace
S20N,40.5564,-74.136907,Bay Terrace
S20S,40.5564,-74.136907,Bay Terrace
S21,40.56511,-74.12632,Oakwood Heights
S21N,40.56511,-74.12632,Oakwood Heights
S21S,40.56511,-74.12632,Oakwood Heights
S22,40.57348,-74.11721,New Dorp
S22N,40.57348,-74.11721,New Dorp
S22S,40.57348,-74.11721,New Dorp
S23,40.578965,-74.109704,Grant City
S23N,40.578965,-74.109704,Grant City
S23S,40.578965,-74.109704,Grant City
S24,40.583591,-74.103338,Jefferson Av
S24N,40.583591,-74.103338,Jefferson Av
S24S,40.583591,-74.103338,Jefferson Av
S25,40.588849,-74.09609,Dongan Hills
S25N,40.588849,-74.09609,Dongan Hills
S25S,40.588849,-74.09609,Dongan Hills
S26,40.596612,-74.087368,Old Town
S26N,40.596612,-74.087368,Old Town
S26S,40.596612,-74.087368,Old Town
S27,40.603117,-74.084087,Grasmere
S27N,40.603117,-74.084087,Grasmere
S27S,40.603117,-74.084087,Grasmere
S28,40.621319,-74.071402,Clifton
S28N,40.621319,-74.071402,Clifton
S28S,40.621319,-74.071402,Clifton
S29,40.627915,-74.075162,Stapleton
S29N,40.627915,-74.075162,Stapleton
S29S,40.627915,-74.075162,Stapleton
S30,40.636949,-74.074835,Tompkinsville
S30N,40.636949,-74.074835,Tompkinsville
S30S,40.636949,-74.074835,Tompkinsville
S31,40.643748,-74.073643,St George
S31N,40.643748,-74.073643,St George
S31S,40.643748,-74.073643,St George
